CH_AQU_50991966;0.0;1.0355602354033109;1.32413266845637;1.0330380846650868;1.3019633105179524;1.03927711589391;1.3728437361757413;1.3784968762764267;1.0339178594125609;1.0289754553976826;1.0312887394482402;1.0299476708787259;1.3245041205369947;1.3728654257716504;1.3786003560650384;1.0406694875970939;1.0255013809264077;1.298411810578794;1.3221749184758391;1.296136466433502;1.3788716957958362;1.3730348446584029;1.311021510654859;1.3197181218530563;1.3212151340598839;1.3132887283838084;1.0285609160521616;1.3728512602450125;1.3784184454858264;1.029828964678956;1.2575274605036932;1.2641651419417563;1.280166491790725;0.9906474751924648;1.3325658339024034;1.326939423404951;1.265361561801954;1.2780834681397653;0.9849501262909002;1.0045096716479673;1.2774900510576126;1.326738266532749;1.3271594391122852;1.002598115116331;1.0056103648859622;1.0042272856251622;1.2641341307283347;0.9905964962736207;1.3327220140188325;1.3327165288478833;0.9961527375585261;1.2537076011645099;1.2685464157326636;0.9959524277241167;0.9909855555028465;1.3269468084929754;1.3326827299348112;1.2573291894891863;1.0108059488551213;1.2782733261102708;1.276351402080209;0.9576453486034261;1.2867504324612844;1.286763834189573;0.9577148871525669;1.2193439508086643;1.2323086523523166;0.9754059324453452;1.2363828374086696;1.286619124366484;1.286910621869104;0.9589784969113717;0.9529592763106725;0.9648355541146947;0.9608657159141569;1.2364591899183064;1.2865625392648825;1.281268714550603;0.9727458278631164;1.213533393563571;1.215340764914018;0.9653011560718704;1.224257569514764;1.2866147106623897;1.2814963429056263;0.9726974462244601;1.2203274573804974;1.225383632211517;1.2184781999113692;1.2197245889460149;1.2810038513349395;1.2869362482413182;
CH_AQU_50991809;0.0;0.6927422378075259;0.6112299315793703;0.4334973485617894;0.43211135695911096;0.42742455062363593;0.4310033619222464;0.4981299130687889;0.5663787932923275;0.5449684856046065;0.44497892973419473;0.42956634769631047;0.43941285996933016;0.4877406136706723;0.5093758704335029;0.5676270882624;0.4472048062809456;0.6998741725263158;0.622644760001837;0.5561308577333235;0.4972354661616322;0.48864901302948893;0.6007767089003736;0.5433785656479185;0.5588311874924626;0.5688469703982612;0.562359065562179;0.5689629656702222;0.49169431734001706;0.547548786975432;0.5263314933154742;0.5841493619213597;0.5455177792393188;0.5307828954606624;0.48124375723522206;0.4047966399963018;0.4205152467692179;0.5386255192799618;0.543840588044555;0.5395465979153871;0.5297344459825367;0.4105928957692611;0.4098216844384924;0.6758856552395396;0.5375820095225264;0.5455810618609255;0.5812238641197143;0.5234966874300228;0.4921569230539091;0.46696010589487547;0.5451291771762624;0.43339124813185453;0.5326286930945952;0.5461818338070487;0.53308838093101;0.5443104720776321;0.47843954866287824;0.43752971764329773;0.42582705441839824;0.42229283104873705;0.5476953268964331;0.5098421173041433;0.4618030821919999;0.4671043860868692;0.5756774019832547;0.6444247348140891;0.5078468654689796;0.5655539664169651;0.5115711256278038;0.5283814909714833;0.4552809559340549;0.58446003484454;0.6437019291425139;0.506044804114618;0.566993083857186;0.40662919876744813;0.4645601083890785;0.4020474475556082;0.5165707479723488;0.5209577281171126;0.5661659282358027;0.5150411775847371;0.6396341909583991;0.4681730276649765;0.5383113547201609;0.5186329485888639;0.5082980776410373;0.4207222988607442;0.41386315836366244;0.5134290429386591;0.45203370908010115;0.5371570029521213;
CH_AQU_50992914;0.0;1.1152894420874757;1.1183298142391727;0.917002171465861;1.0803182828274298;1.046417239616606;0.7004930466703628;0.8339255208491732;1.0099496070377825;1.0945259186581637;0.9225239832370324;0.9068049224062653;0.9112491385268494;0.8811864643843043;0.8620759174888639;1.0812676036785023;1.3082758362018825;1.1037103432822715;1.0701718599314727;1.0318649364373222;0.7170708658946578;0.8326822561416904;1.0009729104154963;0.9982040659524534;0.9272492507532861;1.1138295325547318;0.9262277981083967;0.8295119621830367;0.8368565570191764;1.093046085582375;0.8935625112110525;0.8755049414767861;1.2665399251114957;1.2596399709817956;0.7264582419283734;0.5097693107116145;1.0171167737722684;0.9592372916536092;1.2784289333848855;1.013215597224615;0.881679312806452;0.9577290320392383;0.4880030211760199;0.9092681675957278;1.0265011524963126;0.8775113995616957;1.274102395666799;1.0169866554997693;0.5264704373520307;0.8228527603467924;0.9738391555207232;0.8779640329881347;0.8909660909224365;1.275832598953903;1.265655022968877;1.0916453789927947;0.8515404989580366;1.2857103657122333;0.8899075849907154;1.0151333789445816;0.9069111047401216;0.9781350533226693;0.7802755652591562;0.7883650237808181;0.9775033022135553;0.8814444217032269;1.0165055280761952;1.2171650913068586;1.015735161994375;0.8078431656010363;0.7040671916096354;0.8490314673823908;1.031289305561565;0.9732361097830537;0.8565705540696014;1.2272089682840426;0.6741058202312765;1.0384469440054656;0.8673950082249186;0.8544471230331808;0.8418600867693669;0.8426406011137438;1.2416248273822883;0.9017977683439833;1.035715064543778;0.9662970583311191;0.8605632308092331;1.0214059917085738;1.0109208499716664;1.2193376726006024;0.46774936271847517;0.4796217436821184;
CH_AQU_50991992;0.0;0.4950625791465275;0.5749470891027214;0.5472924653116173;0.5801462953281326;0.4685797835507418;0.47824196412604425;0.6047717609153304;0.5021256320172439;0.5797904233024709;0.5393925255020222;0.4695392577290023;0.6924680610556795;0.5816841858505062;0.6388732653687565;0.5577869455156728;0.5690164995266053;0.600538314987957;0.6837008667477864;0.6021094606911748;0.5041200698869133;0.6284183494004076;0.5656558632853309;0.558485114099011;0.5068096404650538;0.5836477262534441;0.49059454216781356;0.7042648223333704;0.5837539197509527;0.4769531768428041;0.6592250781039491;0.5602803399197771;0.46049807156325956;0.6756774976368527;0.777825412382387;0.5907554951438831;0.6599517535795995;0.5200128563291582;0.5580927829385652;0.4544520728895448;0.5281429075700439;0.6601752751814199;0.68328710404619;0.6757689395547201;0.5703791163604832;0.558171544080147;0.5281829402614354;0.5677482007665666;0.6093449045757471;0.46113380353398536;0.5218735567285079;0.5428443840028382;0.5497293755734518;0.5473099306397459;0.5342498048286382;0.7307850584860278;0.47357628019631387;0.6742475000112197;0.5348896621858308;0.6751263081971017;0.5364794092353048;0.5326244379941655;0.744519951193011;0.5823461151808307;0.6402218138271658;0.6368357461869103;0.5168461677061174;0.5485830752800861;0.5457103933056021;0.5754065139686496;0.7034788613124996;0.5201370319538718;0.4428405082400678;0.46544827335326827;0.5534091131352048;0.6437654236780058;0.7428482602415305;0.5851073427841778;0.4992804710090866;0.5350850221128604;0.5000332070891379;0.5130920011981238;0.6557087590884185;0.7380006831453444;0.5667813484985444;0.6417885255912112;0.6422528121603258;0.5150819257967227;0.6411748163189912;0.5367377189330611;0.5501800515260585;0.7364786606622272;
CH_AQU_50992913;0.0;0.966937465522292;1.2624980546693922;1.4273431504627718;1.3287303436912972;1.3607302598957685;1.6196880578526414;1.308010123712298;1.1864220464695587;1.06229961638273;1.3513053940024808;1.006850869714228;1.406236386717054;1.6982427858804896;1.2050789358014182;1.4622493303378277;1.244024566013326;1.4349486546601056;1.659522694605849;1.0295975965106487;1.636477171993116;1.7052412374974015;1.3375084096343721;1.6440469513742386;1.1253220649473423;1.0889092941068408;1.519280866672315;1.8395167601086113;1.218813469219382;1.5817667063695784;1.5741289732404609;1.5179085017616099;1.4109444175336279;0.8808046207530988;1.3079474783166052;1.2259704310576496;1.0988337243425497;1.4255059703771678;1.2585308112179108;1.5551458517920864;1.452768234907313;1.2248496474421942;1.7704620640775617;1.3290376053667066;1.4755859046680164;1.3523410689618323;1.1790254262806348;1.435495486137734;1.2059269372930426;1.2523294254237312;0.9956094215432364;1.3695182082870905;1.4910403044074763;1.406238208334556;1.1440235945489314;1.2550104513736455;1.2964654703331002;1.2682228843907606;0.8941882538088803;1.3788913081808742;1.5731215953691164;0.8689737932437277;1.546993221108627;1.5932850625639559;1.3746369981638673;0.8506737710018205;1.0333518835222417;1.2159102531934773;1.4270522042509655;1.5764788301593564;1.4172494197389611;0.8779401064091341;0.9969126541998764;1.3031822225072547;1.275189854913168;1.4073579906388407;1.5915653466131703;1.3368868519070194;1.3924233580805445;1.3806859264766145;1.0909801028440966;1.1075469901709263;1.1601647667353256;1.6446121478474705;1.1442987839671102;1.4209822953322224;1.2748960045026425;1.193172727799812;1.3113463529428866;1.4524358416242298;1.1079687996035954;1.2549273223701578;
CH_AQU_50991838;0.0;0.24492961416163353;0.046414144826036854;0.31962056658298454;0.336220746551532;0.3305571566765618;0.3160189716568992;0.3299557576945362;0.30385858853482384;0.19419495293989217;0.36715487001631364;0.31421101554312136;0.3711156743375624;0.03606169916685166;0.31848408430648684;0.277605033339624;0.23523097310441793;0.006967928171572964;0.3193023163796428;0.2779512861347556;0.35749910249121464;0.3644928939463013;0.3433421132837192;0.342689930414974;0.05926321234376099;0.0645321061477213;0.2862921843978474;0.0689703341749047;0.2700512631009083;0.01686670322211347;0.05665063340190826;0.3294382248792921;0.19293398822264518;0.28291266458338;0.13768599919794358;0.3169585055548619;0.3375702628058012;0.05567941398394203;0.2620779111611369;0.032962060900945;0.27155372670642575;0.007252273148843567;0.26043616626786315;0.297687911507612;0.3398562370951646;0.020050442625318923;0.20311793199539832;0.20465397294156468;0.35157844506631464;0.020387472218437633;0.25140690458176956;0.32789353983252684;0.06209067622074021;0.3358863380350528;0.044927522705885306;0.34022293298522627;0.25163464331875984;0.2546690954327203;0.02044452077932514;0.35222201624130783;0.19276005526499004;0.2633991022561832;0.03813549122777187;0.25355322298753386;0.3297340065154534;0.25169170951222125;0.016207131408291203;0.27523020232263906;0.2538356275406904;0.03206316628589076;0.2570143810291798;0.2665645631912041;0.31364875888543303;0.2874290747608514;0.04748059532820708;0.3101313895357292;0.28371839015556893;0.2671884234231617;0.21810447692976895;0.06346000769911346;0.19777208018597348;0.34807693168267656;0.33599273564657794;0.2495481473484479;0.24000239603084847;0.04892380237197008;0.35252522498337113;0.33719469942797237;0.2523503399902668;0.25341949295354654;0.28598900407293615;0.03262387208093573;
CH_AQU_50992912;0.0;1.9409622018165076;2.000465617985432;2.7540867675884906;1.9899948586853;1.980341490661107;1.6885965568457886;2.663951716607381;1.943079358172012;2.0249143766048903;1.9384115467519563;2.7643915524925284;1.9989954354680637;2.576057907814326;1.7625566349158825;2.7956791510266084;2.806471603718221;2.009966973070721;2.7912005505467934;2.823360891299361;2.6357834738840524;2.6496803838026626;2.8156029295484006;2.7778993124152755;2.8242189835816816;2.811185527952578;1.9833489358671108;1.765797625954718;2.6544746826572956;2.759978927117367;2.65026331585782;2.672244724030777;1.891084302341033;2.6864468385389504;2.5609099236704624;1.638832878277504;2.6649136941158593;1.9041420799212263;2.7015213143085397;2.676800937154694;1.9505835906373894;2.574185347778886;2.573278499078676;2.650218139929914;2.675595371996957;2.650074051262441;1.9090705999078241;2.7117308925220893;1.6897108790198545;2.5152109278241954;2.67969225896699;1.9398380250674823;2.6903513594123813;1.9109650898426804;1.9239909894327116;1.6441283121918573;1.6413646399381765;2.6663399504620835;2.6879491597190706;2.7088875193703355;2.720188883767583;1.8121366803719932;1.6419929490261918;2.4322145077935775;1.854318860500957;1.8822517368230225;1.87846134073721;2.6128107993240706;1.856090950336474;2.4211056990091597;1.57771615110666;1.857026603370499;1.8418628192188415;1.8382122911865113;1.8598815808994658;1.8295358963532407;1.6469607533885775;1.6237551527270988;2.591859468410455;2.573739173958773;1.8654840574674432;2.610882099192802;2.5869106202109866;2.406483597931165;1.6114698086941748;2.5972771718612484;2.6360387429011203;1.8715055435387558;2.6231031377223566;1.8097808573045986;2.442065865663134;1.6254689780343299;
CH_AQU_50991835;0.0;0.4896748197198909;0.5830282559823412;0.553564184050491;0.6978765881390755;0.6829988444999163;0.6275985833122043;0.4794798616640888;0.5859623542369153;0.4866727433946687;0.5538540341002371;0.5890768065496336;0.463696922625239;0.7774453377853593;0.5099050440944708;0.47574574318726043;0.7041348211527229;0.580678099859454;0.6905983304043071;0.6924817047768087;0.7899143664429031;0.6295861543300036;0.5464190885442675;0.7013654245938554;0.47535651780451255;0.5597671281742908;0.5491181789615545;0.5988173694136818;0.8080769364494185;0.4848653369553978;0.47348803772196707;0.5350150668176202;0.670766941305104;0.5173709499134559;0.5929885267344266;0.5901491439399909;0.6740832439832916;0.677867170323452;0.667896808602939;0.6705565725375824;0.6588649760435925;0.6588076800409389;0.672511333236258;0.6612324025187911;0.6807134092693292;0.6644185809820067;0.57856408198233;0.5348613697497201;0.5669764850215806;0.6603507002105244;0.46082474773481147;0.5216749713185099;0.665316169054292;0.5442881426386709;0.673951714821653;0.5940850212593496;0.768273407482885;0.532178002121493;0.6609399909197632;0.5307298174032428;0.47085496588342673;0.4368766770396941;0.44513165485626544;0.5789214086242768;0.4357208801466772;0.45688469965221873;0.6478262366566943;0.5490331388431274;0.5208419644153104;0.6450790387963272;0.7103183383129169;0.4565963560676485;0.6486359590195636;0.6532490405914781;0.6431125809738115;0.46211704390162145;0.5772303193767633;0.7091784676448122;0.6571926483772685;0.6534860023450323;0.5122527362702849;0.6381448221141311;0.5311422802198608;0.5596663720938571;0.5948255077072578;0.5622457423239903;0.642006229039806;0.45732000496123554;0.6513825449517882;0.5055047820669728;0.5422216074376776;0.7191613540393872;
CH_AQU_50991899;0.0;0.2852506891397339;0.34379168917796843;0.3725999705685219;0.20119343940834222;0.3682879467878647;0.012887370480445378;0.054925614203034274;0.22771968305414056;0.2640971820359248;0.3420029881746335;0.04260788367208428;0.3700343070793831;0.26615481850866674;0.3516048503411961;0.33689227615055933;0.36781062105446216;0.3462207826162756;0.3048487642092226;0.32637329958907035;0.3104659315588667;0.30260153971576076;0.20750751927613548;0.30206938158343083;0.05411483327380712;0.0755974510262101;0.04688981265237227;0.032302011635809924;0.2709780151794635;0.2974870851205898;0.3559614463867446;0.3708255790681338;0.316721770322435;0.2976637471672128;0.254636214369729;0.3313855089692392;0.3028101609188382;0.323578667239478;0.33521416647405916;0.2673602979822897;0.3155122108699985;0.2549081198081332;0.12428388041814982;0.35358145044001044;0.364025382025912;0.19797606562365302;0.31960098378869334;0.28654083174809675;0.2731575300632362;0.27313586999688166;0.34958473882249064;0.33248520292547523;0.28499446792925753;0.3225905079405348;0.01287044837482974;0.28411277236237054;0.3311192220358332;0.27726714155399607;0.03727504638053728;0.23750933148616912;0.05938822969295243;0.34259652826271136;0.2464167589898699;0.013509937151776891;0.26053116479637084;0.3003598690878542;0.033798867808967833;0.06962145531410532;0.3203709776342249;0.1239103089742481;0.241058921609725;0.25732318545034727;0.3041452246773359;0.28432749840467797;0.2882247684878945;0.21010220738243146;0.26898932978572687;0.2634605918665063;0.22379519889209654;0.1972976969286031;0.026206197878855194;0.26552256847436007;0.2601872968825863;0.2564335069177451;0.29168056897963696;0.33718201287094174;0.015097149913733825;0.35171882872049776;0.05312814016448087;0.2637890567022207;0.2952609692686833;0.06269932505838449;
CH_AQU_50992045;0.0;0.1797999129428846;0.12648428154322391;0.342736530678824;0.33287057063748526;0.35608661146954473;0.22791504619965575;0.174940663198534;0.13238036452992158;0.31062936538917374;0.13202226641278877;0.35107815396529063;0.19757597099759544;0.16155876184465418;0.37677962756966926;0.33391362142048464;0.13463128428051124;0.12791398011032118;0.19612960403613372;0.14250806679347644;0.18005652888357665;0.16000962942562383;0.1441264392768426;0.18786444105233413;0.3082131947484356;0.12593568141107087;0.13617485644014327;0.3363955006849069;0.33579300429082515;0.14231603618608482;0.3551736719334315;0.33242439398294404;0.33129630471717025;0.17618699173061472;0.3779147715494403;0.3708060814450968;0.1701901626905889;0.13017796331971582;0.12972405746344096;0.34450747450071334;0.14422873598217015;0.16072676589243412;0.38127719604676735;0.3435861039208683;0.3277424339395715;0.3510770899730584;0.17999691071521515;0.12861505510301757;0.1623552236715166;0.3710610185258154;0.3011080786607942;0.30669455297136594;0.2972880118456456;0.316549435663299;0.13588664122429328;0.1755044460670543;0.34395371113608486;0.14009751319404792;0.181844484899554;0.31703722552333435;0.1271535933358385;0.2887865125478237;0.3596916761758628;0.31094862288091485;0.28798665686041075;0.297379045863404;0.2784244409005771;0.18428132606448872;0.27860095437403676;0.3451025892061286;0.318378100885286;0.17868366951511488;0.32136469170061227;0.1253515866612067;0.33541952143594994;0.1197126567734161;0.17636858827437743;0.3616299512275582;0.29432252840985157;0.28457483708357423;0.32002908930467616;0.31864307672099546;0.314354575512228;0.17157692045789838;0.17236208008694912;0.3230497788441071;0.32467233055420347;0.3214523320472154;0.32645480078744127;0.17329381428214777;0.20447970320439154;0.34649728860876783;
CH_AQU_50992013;0.0;0.060568146323375614;0.3764903682204642;0.075894337861409;0.3080776679166584;0.3531704217743839;0.2826772825777693;0.024234913495067355;0.35448452138491576;0.35971324091341245;0.3331672599908517;0.031469272167540016;0.06739426557047971;0.31463577938652876;0.027015058442967973;0.3118555972512166;0.37556099588622627;0.22456536184163406;0.2798421386345863;0.04566310884065155;0.3526806590427248;0.27400211891738063;0.33605428480450444;0.05468686554643758;0.24779030647150388;0.30248837293920877;0.3614398811196213;0.32363758925341096;0.2721951730412966;0.2899268111622142;0.24675888539931917;0.26397993210198945;0.24237421505037626;0.04319683606153947;0.263152368112768;0.0019441300311989584;0.04671436891898431;0.28603543800616404;0.2645228036204296;0.008029656673502023;0.07362787147041869;0.3390339726489432;0.05990454307052806;0.30693656639472056;0.32838103076915204;0.061554050324659285;0.0035168575518602203;0.2744058265820258;0.004209301330915558;0.29467012962012995;0.34724316896968294;0.3694115292741275;0.3290632981353568;0.19003412094222646;0.2773209155826016;0.14037810557863392;0.3504420623696141;0.05752219647648075;0.2759314718156479;0.2718159242013604;0.28558067125707953;0.32804941885218103;0.3334428570195824;0.26099502546211334;0.3058286222973382;0.3531577031351398;0.26589001477132984;0.1904384879000391;0.2563368381262445;0.24657507110084415;0.24146113133799346;0.2910115525478312;0.2768188332753733;0.22236014790238307;0.21341257619853451;0.011613608804224894;0.2635292777256613;0.2859283581466486;0.3186615542977852;0.04847790635976867;0.04399003700414927;0.3510928647509922;0.04123811987064767;0.2486116502146572;0.2971111680553974;0.25410814640469825;0.29664116838011834;0.24341325130433386;0.21763321972351884;0.22426489154871074;0.2728848635035912;0.11711837007551039;
CH_AQU_50991800;0.0;0.5871722191576897;0.4668129045537343;0.5465859135783855;0.6817202196532346;0.6958865324750103;0.5885633362181358;0.7667190200049667;0.5025414377889299;0.7033017381282779;0.47813355177781125;0.5369071547930946;0.5383636341051827;0.702620875382609;0.7886831272836323;0.564808501660329;0.7042415788822571;0.543215069094542;0.5438432348429014;0.4823664718007672;0.7768371947779287;0.7819525439992179;0.7022965064109854;0.5490037880172679;0.5653034442593983;0.6042722533151718;0.5042208099735859;0.626673817348808;0.7741795821931554;0.6887378053317247;0.5453392354814115;0.6812203567218137;0.6783956935562448;0.5347943460010169;0.6201926804364041;0.7771232175058975;0.5426826424834393;0.675088158679147;0.6688888748546201;0.47445000340464555;0.6815048503687448;0.727882504199248;0.6686493318935729;0.451812438990645;0.47833448737074097;0.4563891739289367;0.6755720362517003;0.5454615598544407;0.6833509061849612;0.7814911635667902;0.5212274442908801;0.5603151991272366;0.6658083548573914;0.6619831469112881;0.4531232997614034;0.7308149684726102;0.744032469138482;0.6783456395431452;0.4705671459548012;0.4543175838723647;0.5545734256945994;0.6514473323967302;0.7526165618215317;0.5799517545706953;0.6492677599646096;0.5126268118741767;0.5029562377905727;0.45905901826941764;0.5147064477222636;0.5893296028482327;0.554711063908581;0.6413540505462907;0.5476095453172369;0.6454735957987167;0.6424434724447109;0.5479190241066787;0.7387071810318432;0.7172554318512127;0.5102213378172371;0.6359184202784187;0.5091919533062118;0.5551769053621538;0.6537233406780723;0.7445612164609595;0.5991628398859945;0.5254292357892332;0.5048593490545766;0.6518437162854933;0.6544825236612662;0.4380381168682717;0.5852541124043162;0.5546876807145512;
CH_AQU_50992042;0.0;0.2798110310966154;0.07126174998034829;0.3620396696621692;0.19388980960771038;0.3538405675488606;0.00657719480372181;0.12362081228495618;0.052477182467791185;0.0679400012019113;0.3368946108294618;0.2905758377993684;0.2816014716956798;0.27642861463748053;0.016147950734775172;0.34911829143121104;0.37124124140316506;0.07507269437413312;0.022986582423119913;0.3083793989220084;0.13464540060331676;0.3100613865243092;0.22233716586094932;0.19386489634991394;0.28858152905741424;0.3120117824574875;0.043687517612746654;0.3286288435415544;0.35044084203480197;0.355925727648322;0.29363351099901736;0.3587618263302523;0.05752339596633206;0.30149472345225664;0.340078075201856;0.2693073915065329;0.2078727319553062;0.32441848113923605;0.2028837184899709;0.2695238551459406;0.3543059549123601;0.010823962031458398;0.11087502650998349;0.29180883984897565;0.26771485385432126;0.33323675069212527;0.29713977649304457;0.01182058290990506;0.009382380258601756;0.26795106208201797;0.27646246270016406;0.20500145166147626;0.041588114019314;0.03587563010632546;0.32878410163739513;0.137937243182677;0.31117356652809935;0.3305958439477121;0.050703851543707296;0.34713104668473754;0.03073465347966372;0.26995566205526533;0.018901575950211594;0.02506386762117946;0.2733200996884477;0.1805001321448105;0.3060792126608648;0.3068391650206992;0.27823930459702534;0.10372618628549703;0.24790523283434873;0.05576759989416893;0.04366694746446894;0.05959345897595862;0.31879851066920145;0.04665787244525246;0.12141121283864138;0.2899067943978844;0.3459684376669415;0.03856931446671382;0.2656690220895421;0.24085077950386552;0.30108108402640055;0.019329260975062445;0.06714679408516148;0.26401569780756845;0.3186937622821411;0.2932852568025975;0.0063190875320123735;0.222603926016961;0.05264795493395833;0.10307108527058945;
CH_AQU_50991894;0.0;0.442712437316191;0.5662668044722725;0.6855322610610796;0.6857477093554194;0.6202040198397788;0.5740912618523463;0.49820977508323744;0.4522058065690787;0.5601713488837368;0.5467081119348485;0.4416387984342832;0.5628678485326555;0.48888360085347604;0.4186481162024668;0.6211170372568311;0.4328070486519079;0.612075750078615;0.5460075969277965;0.6089548518808496;0.48394724966628166;0.49152011796629913;0.44196855034365967;0.5998409750253497;0.5570288741849049;0.6868877816603896;0.5631039605931238;0.4326234544378591;0.5705991160362702;0.5579981564626142;0.5370471524078951;0.5268097833250741;0.4246924388099191;0.5373799334582411;0.4699056779048936;0.5584463324738418;0.6027103061662261;0.5370006975815975;0.5341023811620537;0.4154416627591035;0.5444475903986975;0.4753446190403942;0.4799265063572648;0.5322713101205285;0.547894636646735;0.5340065393971957;0.6711572001884988;0.58210732739342;0.41545280315146527;0.5438790056476437;0.6857493932781988;0.5400299121826269;0.5443411308997093;0.42078424459588154;0.5443508683136303;0.46655430290436173;0.4940084428377828;0.5401289353484159;0.5454240958707907;0.5431788001958536;0.6057283752837855;0.5673945491854115;0.4512626361705404;0.46848662003684954;0.5208060995324083;0.5237167166566082;0.5645288641390391;0.4209506297839908;0.4147835470974335;0.5339346434399274;0.4591442086343219;0.5845740548429866;0.5298936007478191;0.41962118563916906;0.5317944578609649;0.5077129807436273;0.4574377521636238;0.45241184138625634;0.41498920313437443;0.6644085358939538;0.5238515790486433;0.567350699015712;0.5214366683513896;0.399384610527553;0.45147589440185204;0.41855741293325555;0.5147340786228055;0.6423117951787691;0.5297194919742158;0.41959469181503006;0.3932204693741992;0.45564285516230074;
CH_AQU_50991861;0.0;0.06047067580288708;0.37493959753404943;0.06434142966841395;0.3757326919221648;0.03870499985931577;0.008528769673545043;0.12965487807672993;0.3538122074061725;0.30611134282026353;0.30817982073391736;0.0026989768910850582;0.2220751257598892;0.1281718001067054;0.13495794482536863;0.201697417312786;0.29723501592794666;0.2543247081351813;0.022472369550932667;0.28181451133292845;0.29972044191084374;0.13280206559730068;0.3684673392802659;0.21711514382878638;0.3010641176088949;0.32572918477844415;0.31918831579320056;0.3339761058192844;0.0071678988175286635;0.3311774412167423;0.06692343933855222;0.3380051553094634;0.27455721619623535;0.037836321758081756;0.25112495077079655;0.011608482822430093;0.3335356987846085;0.3088393992054676;0.2952234766744487;0.003144492281984647;0.05137758839157149;0.011059417665817643;0.2720675046654512;0.2924555104286313;0.32887638725727053;0.343162957918555;0.3000643853576375;0.19316550336795466;0.3219843771829293;0.3362886729963124;0.28001761397737995;0.3442474797461937;0.0712932607468421;0.2172803244756249;0.22860668813626833;0.27184464306491757;0.3035496931160431;0.044104415307322384;0.23427673785382933;0.20261383569956476;0.32218219435163353;0.05173453739117966;0.13314861889457585;0.13467535314930454;0.20723476976109612;0.295027903624077;0.2662608210585562;0.26707756294853174;0.3266760739921987;0.10984633395309079;0.016044193330042606;0.024180176415115384;0.32153431409634053;0.23100370463359093;0.2968499423986058;0.33170077509189266;0.12858610264291442;0.03384287028767898;0.305766838808927;0.07074335183905019;0.3518862123175149;0.2772915068350529;0.26831672606786017;0.3266632874915129;0.2478591140642576;0.2907196142516229;0.0032886708600228707;0.32230836133216306;0.06227737257416035;0.290819214446883;0.025761856100699778;0.12837019292908944;
CH_AQU_50991769;0.0;0.4785484583879369;0.576974530382062;0.6871559009299656;0.5651901838961904;0.4661149757951982;0.703262250469136;0.7839165685922028;0.7046002632062602;0.5720713196973647;0.5482095515970635;0.5956930105652616;0.5423187826103428;0.68342241312445;0.8070606079261962;0.5948507256018278;0.5767881040207348;0.681923824104073;0.6862416110061187;0.701137795276986;0.6896955848903895;0.7106647697190471;0.7042260599976713;0.4941553507158083;0.5393221391235206;0.5744340494791779;0.5695643981283665;0.6002291009605588;0.488446269162585;0.7040683229907694;0.538365156517644;0.6752650458202377;0.535587540642031;0.5848605233507373;0.6062632686396647;0.6640752877048165;0.4824806890814354;0.44853648167740723;0.6583550116118494;0.5858445616807114;0.5362169129644262;0.4739935725937376;0.5884354415584538;0.5394096494742725;0.46169359124371206;0.45176708305447566;0.5303270802494995;0.6806856254422962;0.5675498511670075;0.7546401553198921;0.5856971396155234;0.47999837636974224;0.6776149585515376;0.579680858279973;0.5463648576265071;0.5843300564485124;0.7647361065248647;0.5173836517113385;0.6666183462456039;0.5171102864850188;0.6769629826713511;0.6506618454734158;0.7442371707140892;0.6348165601228805;0.4526604741878735;0.45034938065111474;0.5564847356881699;0.5547106129068237;0.4580003361622666;0.7544940730491707;0.567514447377803;0.5107906172444;0.6516310694046245;0.5361211316965929;0.447637726931196;0.6360630926581338;0.6617612189679644;0.5819356750947328;0.43408186168859525;0.5187948268414918;0.5011537220696538;0.6359001336013361;0.5063906446830421;0.6998402223720107;0.5790117589777782;0.4598464844806415;0.645686073618859;0.5162819815239424;0.5066419769570581;0.4381689681671109;0.7427068494315621;0.5456803468605105;
CH_AQU_50991795;0.0;0.5020691659523815;0.7016891658041886;0.6940910904116722;0.5049559976236273;0.5540574074218686;0.7518194487004664;0.4837590277437471;0.5622946312235388;0.543015894185474;0.6820151542505484;0.7047092173015017;0.5560616965107872;0.6295627044245544;0.6398868168497809;0.5516883545848588;0.4980456529567432;0.5482629939541893;0.7033054979040935;0.6871988973246002;0.6231408923053362;0.6289352797138836;0.46597541608610304;0.46831619577248973;0.6978700784597162;0.69162010022674;0.5003376122221366;0.7090477994350343;0.6199296739665967;0.5695129343262185;0.6701174223810135;0.5232365655078525;0.5378572902884383;0.5600458025616065;0.4653238136026697;0.7741716613806124;0.6709235846742615;0.5853654474496213;0.5664941014266067;0.5290565880465734;0.5377564509376316;0.48960376965827074;0.6041681699599606;0.6762068832423793;0.5405737838299046;0.45293373556210476;0.4699971231912777;0.4549538674389326;0.6145603419579103;0.6613200030128409;0.6785963392452863;0.6774598755715429;0.4801618235371694;0.5849572171070292;0.6766732376002468;0.4812866869913511;0.5999981018653326;0.5287793131557637;0.6792405311024339;0.4527257798742183;0.5829814566370973;0.6418889963100886;0.5737821598142658;0.5950380162288669;0.5163307141442443;0.4361997450088385;0.5481959390165773;0.6396216249715044;0.5099648666335368;0.5804207004820762;0.6953503818892242;0.5352977060964268;0.6364969860012929;0.459599829027582;0.5383414411894673;0.6429248211133534;0.5713603346034187;0.5799747285907874;0.4609215753270713;0.6517329871104813;0.6371667292665241;0.6496749884198313;0.5604650270941495;0.7306366878596602;0.7488792173845358;0.4420471418734927;0.5211629020531351;0.5118909074982163;0.43031193658011946;0.6462264332156018;0.695493377860684;0.724189887237329;
CH_AQU_50991762;0.0;0.4292872914258916;0.5469748367004306;0.5523153948014731;0.6050885486914754;0.42774344254664604;0.4203844097137239;0.4910802948231248;0.5622784962836527;0.541498432977919;0.5579320280663422;0.43382310355986;0.6914599810861473;0.48240289452958274;0.5085209103103222;0.6245674895109193;0.5440827668791214;0.545056574778768;0.5597667967679928;0.6868920104466083;0.4332730250830469;0.43132137328028886;0.4285420735792565;0.4350017662312415;0.4332809531949079;0.5589900166747561;0.4517248840285161;0.5062818289004153;0.49556530728288295;0.5598406262036663;0.5387297320044491;0.5241903541248998;0.5938756516526004;0.542192515782152;0.4147065900983559;0.4810536255666381;0.5292587046092716;0.5375227768678399;0.42776118995861884;0.5963345097402669;0.58759019556438;0.49450695485089213;0.4159634798799974;0.5336420981407208;0.6619685998910295;0.5502952134398107;0.4289415723522019;0.5416889631896364;0.5481482348551282;0.4705892309479093;0.5823456454016284;0.5789423484188795;0.6031958135740253;0.4330365178966846;0.5828393982051866;0.48305379440389934;0.4126130206775381;0.52916355506111;0.43430545395776926;0.5405496367446267;0.5260586568572239;0.4177894714256433;0.47167571027978994;0.5332599736511715;0.5832761998628755;0.6409029547202076;0.39986064956464196;0.5081873389928533;0.5244786240532502;0.4682280459981866;0.40249605471347766;0.5295602879377422;0.40823251833182045;0.5275312338988384;0.6547080922982425;0.5140840506472296;0.5341831385011641;0.39543946363316324;0.5192770821152518;0.5214108481483914;0.5266977060275821;0.40319433619956035;0.4038140793509169;0.45742808233216764;0.46033605830881086;0.5230463177861077;0.5307973074050336;0.4103427048973266;0.643970337620275;0.6566078138504061;0.5374969756874625;0.4742331961220229;
CH_AQU_50991959;0.0;0.12858687275395148;0.3019149487739635;0.33328964219815;0.1495966385288601;0.36656694761192155;0.1981348611853609;0.16890290080933307;0.29766966154531577;0.33648629753858006;0.3395390816174582;0.35558025644208724;0.3303382241139703;0.17096028661013518;0.19906491135969748;0.33234880143933376;0.34891927703722414;0.1445721081139115;0.3671283060098371;0.3551558708455872;0.17294131215866196;0.3648205641417544;0.3408230018696795;0.13206289589011505;0.34056024753216696;0.19889381943139361;0.1899934863626408;0.18917297590853382;0.3808692408073121;0.33401436771280746;0.312059901013957;0.3365552793025007;0.1822041596907476;0.14113764775119472;0.20569439808923137;0.342744980054553;0.34990951888946153;0.31455147326756283;0.3162227855079403;0.3218552225407074;0.1276965034826772;0.2158184245944026;0.3255194287475245;0.3350276672440519;0.34102878584099294;0.3265375235607566;0.19063608326479276;0.17778458755759444;0.3743631660991587;0.3759896559725069;0.13543817144155013;0.17065726910753135;0.2947868780677189;0.12583724844255265;0.3315421360752813;0.1720016819362841;0.3720201948973477;0.1235132824490555;0.1242120287287214;0.32912399130016906;0.18852082403438641;0.30894552918050944;0.19594919312378928;0.15144978777358525;0.31159085859422264;0.3263019300732127;0.3090274986222971;0.13710267304346693;0.13340190892487183;0.17876478574638646;0.338760818745346;0.33607601858393393;0.13098023980298595;0.11722119854231673;0.18215544313655307;0.27839694001098797;0.1590835300480487;0.3122523570297314;0.3205692665305882;0.34025084321727356;0.3040365859005258;0.30759252495095396;0.34364516375696075;0.20658228326187494;0.19657455597506138;0.30532323133975636;0.1260118383946708;0.2923115827320422;0.2878232193183636;0.32681999092806174;0.31826731914188194;0.2156995226178409;
CH_AQU_50991791;0.0;1.012359451704108;1.3342678945144906;1.0210061183419732;0.9438634692787453;0.9156626203076926;0.8503485443145761;0.5349129831145651;1.006292987210927;1.3142729861425448;1.018360947789907;1.1155862143126032;1.1036220495787674;1.1242717152407444;1.1527129917625294;1.311329866128106;1.0047333307176647;1.0168610238741684;1.0274504420254165;0.9315733476064302;0.5485110417747409;0.9801090575366422;1.09020420006178;1.0338715220453811;1.0230647669307082;1.1187321298658475;1.3187522286771896;0.8453377116159797;0.8314795762219859;1.030854566036088;1.0554101696121447;0.9780402136538832;0.9816006025999736;0.9060490660410069;1.099846322576668;0.8524505105992249;0.9723130317827214;1.2769822032569171;0.9935675509710697;0.8823345275380614;1.057695561172886;0.8557907566461705;0.8535572885434013;0.889254553179106;0.9048695243454563;0.9110435823919243;0.8772381644609959;1.0089896664680087;0.4874450605442432;0.49274091937607495;0.9703058497173094;0.971361801976561;0.8805246349226212;1.0505500188446293;0.9062266731232655;0.6694816990560262;0.7204172262816817;1.0662928231652855;1.0598839369152326;0.8835095546258176;0.890553827949466;0.8605139002193797;0.695110634155038;0.7964979090481784;1.0028077525144208;1.005334147337265;1.0056917523444053;0.8802250468221767;1.040110769507247;0.9238959525809645;0.814109080103396;1.2350962373433418;0.9573047234719824;0.8712544220885861;0.8679132701885353;0.870078292248299;0.4637858647903591;0.7997249070564946;0.85115030525088;0.9883865491649148;0.8626324428585525;0.8740186641469291;1.2207176525640049;0.808463943245916;0.6815273498268671;0.970999305537793;0.855404244280047;0.8455856676006456;0.9951770458927245;0.9724968992616116;0.780542216868023;0.7911835836038912;
CH_AQU_50991989;0.0;1.1176762362112012;1.0347271182821636;1.1050845014138395;0.9416816124938026;1.2999808617409665;0.8747342984933514;0.9664989028681119;0.9050640313508749;0.9338411831504438;1.1098191437877962;0.9308196401683038;0.9152600910597309;0.8289595478021978;0.8388705132649783;1.3137883810169377;0.9936228426910567;1.016193274304614;0.93520945083688;0.9924698091502129;1.1244789860081297;1.1210500636664604;1.3221155760753858;1.031022012241955;0.9083717672480276;1.1060132609774787;0.9292255127349032;0.8282216655446694;0.9887604422264226;0.9382361930043079;1.289803965434244;0.9749937017565761;1.0530878961450605;1.266474266397293;0.858746364383353;0.952204675538061;0.8746673211021313;0.8891726517134932;0.8977890614769172;0.9004794972519994;1.0803306013557556;1.11782700582753;0.8340155591498127;1.2879691347751705;0.9860339550952536;0.9744583934115637;1.2902268890217066;1.264139390432298;0.6917102463582969;0.49131220324430236;0.9657108257404587;1.2957610768764698;1.266531626674383;0.8907116931332261;0.976585638662735;1.0916523022937559;1.0759785805931592;0.8912780484266739;1.0339825119494115;1.2632404243535675;1.0027616827072128;1.0230335208434924;0.9437570132506969;0.6678567637721248;1.0306949116346726;1.0259170049828188;1.2487880949850654;0.9651044299790383;0.8693800077859113;0.7016101169294051;0.4926800539469469;1.0019598700271712;0.9364833506137753;1.0390076671081527;0.8477454628618026;1.2187212693293203;0.7914995899105646;0.781833082939275;0.8416598719366221;0.9379714787199168;0.9843638689621074;1.22062736950383;0.9608633918830795;0.9510932644635355;0.8245421239694909;0.9631352485746504;0.9519414291897245;0.9932895764849046;0.9491281785366914;0.8673852667068395;0.6925227487886378;0.6512187954581846;
CH_AQU_50991924;0.0;0.7039237402823296;0.7012254012769394;0.5679526857044455;0.700292411407063;0.543042360054903;0.6199825606153392;0.5079118165992365;0.5532154659001438;0.49645299605224547;0.46149092577320633;0.5369192072624189;0.5498402748191049;0.6369402318682365;0.6908389845502048;0.5803542815061355;0.6818906378800591;0.6016065722510332;0.48382671009687894;0.5575443641441931;0.4994425601879674;0.625517775280724;0.5447885903716284;0.6013550729271859;0.5721081661114631;0.6822694169030754;0.5900243864146769;0.6304045034289273;0.5099895538254458;0.5458028703518254;0.4648702918622222;0.6768131608810833;0.5306709658972132;0.660366463760999;0.6117026488735068;0.7742554511552242;0.5373217507591289;0.6598124288473878;0.6697888041215881;0.5451318037775437;0.667718059473524;0.4755963336448193;0.47972254364362305;0.5721426491737579;0.5599597123394185;0.4464911316152607;0.6622513836304443;0.45790901339832163;0.7518082425580277;0.7748490510437885;0.667308270885395;0.46528035035003745;0.6785625758621993;0.676819468493829;0.6658427418372612;0.5827404335350077;0.5982613120494763;0.5790569181689625;0.554484079696016;0.485868346477744;0.6705033920750638;0.5299382000471682;0.5800284513963734;0.45164392594390734;0.5548109536219595;0.4414171964667417;0.6433544382483033;0.5057799177471457;0.6444800488019549;0.5699153195453172;0.7050840346459335;0.5632874636548507;0.566297740947168;0.6386232142181686;0.6577659637399551;0.5388818285482614;0.5789163198934633;0.5886475274441906;0.5508772316995144;0.6397884729534701;0.529383600503171;0.6427142978498731;0.4506065164587008;0.728589077550324;0.595008053421109;0.6543820176107092;0.469603171989177;0.6408310359562098;0.5149047869324415;0.6564671948994414;0.5895082812532032;0.47512638844382016;
CH_AQU_50991951;0.0;0.323754691478777;0.2728067141583984;0.1941295244236454;0.3055586507408419;0.2445117742400774;0.05513064084671225;0.11989084379688075;0.3232071328640401;0.2609125544738761;0.3001726411701863;0.3762106817559655;0.3422709105996034;0.1242216427269908;0.11412902523392712;0.3389599929905024;0.30713494906631383;0.2533743120269998;0.2598838754594591;0.056346167899627375;0.26762555762425916;0.007871294289044397;0.06919221897185213;0.3713697846884094;0.37855217810305064;0.21651281769049838;0.3116544866932218;0.3121939962982337;0.27688889173461106;0.04806092018227298;0.05802101967389502;0.3304842262745919;0.3218554095650785;0.23064242960628742;0.025714397543001453;0.2951839753088363;0.2410744885449363;0.36051830936481766;0.2978684619384481;0.3293418495954755;0.21130550417621455;0.2951062648829251;0.2588936943703557;0.30118736717619826;0.0027415741534486493;0.3076588865047441;0.27328584625849367;0.3627777459763098;0.018187745300865;0.29478409775763376;0.2812651912117935;0.35331569693192655;0.3191899572126621;0.07357589267736483;0.2993531416869092;0.024919326854840024;0.2824811014779827;0.19313379133727274;0.3297592687418163;0.28108001671363386;0.06309467891659552;0.2689923020939578;0.03179240109585543;0.2982793197584664;0.31418322635370544;0.3026948001136299;0.3233298251930647;0.29463430496940335;0.21036051733174813;0.025654512385679843;0.030768278256399446;0.1918991460636011;0.039043861462104756;0.3093141060291101;0.2667673191373893;0.2557745875671302;0.30027106607616727;0.1345423640673629;0.004298532343283143;0.25178881284963855;0.29255362189676964;0.30020443278440023;0.34295411413078847;0.24795554997533792;0.2444062529128091;0.2785091402131034;0.029865190559530175;0.18226281996173507;0.20382336251327876;0.2921960594497454;0.2598245129565391;0.2919374191631768;
CH_AQU_50991859;0.0;0.42818840824000404;0.5565813159812059;0.5667237340037004;0.5567545764926227;0.5466672369477699;0.5004857619017256;0.42437210351609816;0.5424836991457112;0.450124335834991;0.42772817827056675;0.6152800005153041;0.4445853964883696;0.5041364285958393;0.43236303505847196;0.6077168206003665;0.5549223897138487;0.5450009978848864;0.5551819929467339;0.6866438842617827;0.4973498370170907;0.5096811565417944;0.4283461276152061;0.5424325826123145;0.7008212903201718;0.6842997093339861;0.4521748804987653;0.4913219112954669;0.5739307102750109;0.6945137868692287;0.6617804747479473;0.42277153054176253;0.5300975312705843;0.5265847005195613;0.5448229439955313;0.48525842388714785;0.41750447845712996;0.5461638331681854;0.682763498281939;0.5277310876134031;0.5307474793503547;0.41662537248585624;0.5558456158885327;0.5315906939929523;0.43544535916333643;0.43578181247617764;0.6823364416282419;0.5485762582362564;0.4086441612751045;0.4683892028986764;0.5460779747381391;0.5369304478207563;0.5348044892027647;0.4137992097190771;0.6017613697890554;0.4119588641289535;0.40599003803167294;0.43210884287002144;0.666234720763998;0.537868717365119;0.5254259080922423;0.40265568867189483;0.5379581990016591;0.5364091756816497;0.6395825054160311;0.648278566688505;0.40850826105566346;0.40166599987267165;0.5611859847233432;0.5387890511777746;0.3943146002487429;0.5139302523019893;0.6527947915485566;0.4216338651222161;0.5237348780137503;0.5309562963238021;0.46475035108207685;0.4574510116680823;0.5648715710243727;0.5091658134829642;0.5308621055507914;0.5145163277167621;0.5238809951570745;0.45446319393906565;0.3920895546464967;0.6551355725780869;0.5301561803733709;0.5148644652057676;0.6561744601324501;0.5759331501636978;0.45829941994257317;0.5298224395264413;
CH_AQU_50991821;0.0;0.3425282724118255;0.2822878384706895;0.04344840210908909;0.3128740471232253;0.3356836893026564;0.3468954678336865;0.2630032826492995;0.3584152417433032;0.04084013781919734;0.046685247104539265;0.3693998762915335;0.2224710712183623;0.018834808732837882;0.26635419301347585;0.322845622083402;0.297913543975323;0.07612746108740046;0.3516107581666557;0.06710770980979754;0.06181934672919752;0.12865964818554837;0.03921958099852725;0.3381133120854315;0.34465352146424066;0.07319008573798219;0.2621120670350364;0.33458163594312385;0.02086460730164953;0.003841133494348727;0.26920965797178864;0.34199334074052745;0.31856842593390877;0.06768592418658904;0.2684103185163752;0.25788375050918994;0.3214052777310322;0.33609379074688733;0.021940637583957017;0.3600878170389405;0.3609544007579163;0.2911081234108795;0.1379465858630001;0.34534414231439897;0.2027306330317885;0.27295182342285096;0.2815885596296128;0.20532114480797303;0.26455073194245604;0.2593213823156353;0.2934651360286985;0.054456291800060216;0.30259755868899096;0.26799232444806353;0.1995560963063369;0.1320272795370672;0.01909177940126164;0.269573502541413;0.24673338035341047;0.0069044807266036515;0.07102444354444593;0.3527161481468676;0.131837607114789;0.2644661850128985;0.2755021656038622;0.06208592632026499;0.05281192237566079;0.31293468615102216;0.3187843632526227;0.2847820132894113;0.05836151368550572;0.2747332245966701;0.34060726450648116;0.20363730299389243;0.2544311718956961;0.04831365246183975;0.10643696389837279;0.015547399778100972;0.2803175819927129;0.3092829948902278;0.2845564253530046;0.048947491866782815;0.350888165082498;0.24805118730797568;0.23943491215775128;0.26821450221754395;0.27467211852126966;0.2771498066964894;0.29105036529096906;0.052706165115229325;0.28222040363781076;0.13453276742142872;
CH_AQU_50992060;0.0;0.5529361418590254;0.5659180762473484;0.6847346924603306;0.5674154675107127;0.5484570050866495;0.4956349068985175;0.42397232612137326;0.5626203400461955;0.5626456307241136;0.5558882463328964;0.4533695913682489;0.4420764001746529;0.42383824669439035;0.4261909276286666;0.44598739858287406;0.44338001145614636;0.693318823737336;0.5685126052240649;0.5680540963880693;0.4247157811221348;0.4976397539247048;0.604632824298352;0.44064059508222797;0.7104804680074517;0.43616661846399835;0.5617118865280117;0.4190276833337335;0.484181107213973;0.449770808950937;0.5251875048292274;0.4298677961214154;0.4148893616143376;0.4332810148196554;0.46834231054719383;0.47965450251076946;0.5366955968226493;0.5844771690101921;0.5416142700837764;0.5457840737882279;0.5479441685401677;0.40967029119369147;0.47444484397788594;0.540972190409816;0.5398050312377802;0.6623699268866639;0.4398446871298084;0.437501874654152;0.4772859506881158;0.47873930902826706;0.5271873926491585;0.5499611579352578;0.688582887874617;0.5310875386353098;0.43599224557138266;0.4078563066189212;0.48502566082885834;0.5343816413776876;0.42633883535819983;0.5906258050335396;0.6757413755950776;0.40804656095281544;0.4574746411505603;0.46584515220820877;0.41784350703110706;0.5587363439026035;0.5202990534582149;0.661307519077414;0.4131620746626505;0.5265165171123328;0.4617586774739924;0.528848808740336;0.5193120982950691;0.6565794343040833;0.5678694345846383;0.5705994965275425;0.4609755771845343;0.5298165515516917;0.6489599678299081;0.6641916273476859;0.5230499060663272;0.4089979953319178;0.5636781927659038;0.4604598040740377;0.39213382425222304;0.5088728272767911;0.5250224515163101;0.5261762246091475;0.5229019432090899;0.5708906237411367;0.45815220808618934;0.4511560252123906;
CH_AQU_51226892;0.0;1.0241506929831945;1.0466335227185837;1.0253918595644538;1.3089301075906943;1.0255098546114017;1.3789322968579139;1.3784596125069637;1.0275515191193971;1.0187745378147919;1.0434474298491452;1.2953421026002592;1.3117545554731294;1.3786158994104505;1.3784220930150974;1.3188165317698233;1.3088886980987673;1.0317150956985297;1.3004398063038507;1.3171836913877637;1.3788733436395826;1.3728134282070705;1.0354578863783517;1.3249044717222458;1.046298329698761;1.2989648318882419;1.0421500397577237;1.378558434762005;1.372707975658662;1.3034386838671386;1.0140111633118682;0.9911186967203763;1.0107074224313344;0.996273878458256;1.327241052827675;1.3272636834476994;1.0009821670428756;1.2680485379861517;1.2542713879155412;1.0087170972518953;1.2599942010117273;1.3327399980872807;1.3327766015066822;1.2588521261973324;1.010660138244643;1.2599512263681403;1.251469800937844;1.0058158224602713;1.332713077827808;1.3272244226547643;1.260603769259968;0.999046601317855;1.2791559393428347;1.2703374206498093;1.2540598907963916;1.3271664406973043;1.3271579388407722;1.2537490225631742;1.2575723914595018;0.986584260818743;1.0079810713796113;1.2262046328679415;1.286783882860826;1.2812595202041166;1.2263251692502861;1.2337799700960344;0.9757750476796503;0.9571897353925685;0.9557030678300222;1.2869703662092924;1.2809858439467996;0.9585751450642073;0.9725960923709132;1.211252622566479;1.2321391274454405;0.9593374011848632;1.2865280241737895;1.286846631085177;1.2196316641099356;0.9644635012348982;0.9665128095794188;0.9541489608618166;1.2217623779309992;1.281453534940402;1.2866350287592718;1.2248777340503847;0.962941384898988;1.220673519966562;0.9641968451854241;1.2313608234488171;1.2810168337664565;1.2867860578814412;
CH_AQU_50991757;0.0;0.28566526312812607;0.3192843996034529;0.27493561476652506;0.3267933666020743;0.23043172310179338;0.33128118578543564;0.3576931410362644;0.3523021369943513;0.017431630329754384;0.2865502054926963;0.2316388093934155;0.26687183980372764;0.32163825097006116;0.3538647925939286;0.346124879743663;0.35847010309161165;0.32207675236569766;0.27582202361116315;0.34410079689022693;0.29124447488220917;0.3003479581122883;0.36805578221895957;0.20748165703865312;0.31561806371929174;0.20640669448701954;0.005385704782988819;0.021353156266380048;0.30145892351130604;0.32831268106986616;0.06508273268738356;0.06052575405536976;0.024023698075133697;0.0577756058040376;0.0267350398152054;0.0043999023706972505;0.2948657867193303;0.30267944159805493;0.2794523173113141;0.3347868514734864;0.04874710449864132;0.13622929812029544;0.13888888933581744;0.3344307316278974;0.19734724984956567;0.19438712717068793;0.03657171026805096;0.29213688170706315;0.02502857944432541;0.006745043865265306;0.3491490782224964;0.2718403580590726;0.30897454942824765;0.071149134748377;0.28658073516314037;0.01490050425571737;0.029546339375166476;0.06389882661640768;0.19654505106413603;0.31974693808679966;0.32605017016302545;0.3559943039924244;0.014351989088651382;0.13111043330304564;0.2568230470175724;0.33721380758995056;0.006558302288637203;0.2672403380817154;0.018613700496668155;0.12035476336058361;0.2705958802226424;0.3497514894685118;0.33439797043529695;0.05715395286522978;0.014100314413161907;0.30024701440897;0.03471902447141452;0.24153828562414642;0.21654948842514785;0.28414208827946946;0.18263047921248868;0.32405562176421393;0.31776145057485555;0.053477849991301396;0.30917646272032345;0.24529587200741335;0.28232642244063083;0.2656500287670819;0.038737343005744045;0.06522669788376197;0.005389606312629765;0.27113412506578677;
CH_AQU_50991786;0.0;0.6827274948675971;0.5591905250362066;0.4622529665470429;0.6894984372272964;0.553516148437668;0.4932110611868554;0.7850400792139102;0.4687847666898699;0.4908602233207915;0.576476019791996;0.46118313079569506;0.6917500162255293;0.7862157234639762;0.6909541630303262;0.5570229449206363;0.5707556285490698;0.5851123371360099;0.4625620020506629;0.4972857548218809;0.6411138912078606;0.5052037636966304;0.603192282516387;0.5412220338776594;0.4802728186153413;0.5806612520899529;0.6830771794916953;0.6352587648392659;0.7778731589466243;0.49974153483170225;0.5826489545738814;0.5716843908680757;0.6602035409060363;0.6778983120443319;0.6112933953120436;0.6122295091781178;0.5314694249609946;0.6710433924361293;0.4767952652306663;0.5575629485277768;0.5665029782793649;0.6093678419275477;0.680034947803797;0.4461585649415729;0.5284058771747692;0.6624182899419372;0.5418046114718449;0.6728949828913221;0.5624622870118527;0.5772397876104031;0.6641143861898757;0.6655314545559595;0.5321930207155684;0.6769977511724196;0.5223605138494137;0.5954114663971395;0.7822067165855866;0.4743080900365353;0.6807544765568346;0.4782349644029751;0.6649603633641581;0.6547683165227239;0.7504610032403892;0.45415526221810787;0.46705860010474354;0.4410131480236498;0.6446032950199657;0.4696259452275511;0.566728126375905;0.5852787963805008;0.7431914277164244;0.5470614321787284;0.5186444348159404;0.6552481024579526;0.6580631665868132;0.5275752600284482;0.7027534783478422;0.6008898701356346;0.45485817808427015;0.6447653214157384;0.4987053127674974;0.5366191325438203;0.5104489225741146;0.570969987947448;0.5851473347469358;0.4603258628505661;0.5034540881996015;0.47166964657618066;0.6414678066217063;0.45897382640163287;0.5500665884115339;0.640847668182249;
CH_AQU_50991977;0.0;0.9198680699760584;1.0248674484046612;1.3147202852843471;1.3188279140345207;1.3232546593887264;0.9732488293000883;0.534759564241592;0.9072418307655883;1.0351863369503307;1.0484445689811295;0.9374054461426755;0.9422553252467765;0.852524622395046;0.9901295070569529;0.9108514020622136;1.0101299235209074;1.0921859868147612;0.940407480447538;1.019026408108575;1.0229845799661557;0.8472743072247904;1.3301826128178431;1.0625298985055367;1.0271411218731528;1.0303570610346324;0.9435077221127323;0.8383787138943841;0.8349132756829707;0.9009116199071548;1.0312282168782894;1.0014647735662752;1.029512235223203;0.8868166624901226;1.05844370119316;0.7089925582989876;1.0493063727052063;0.9125686558450342;0.8920686497992014;0.8859974561500321;0.9039436112898409;0.8519794318129154;0.6889221321679259;0.8919876499051783;0.9022158747826874;1.2806781203230764;1.08055834680714;0.9726082384163997;1.079385608986249;0.8413945569312824;1.282832421247807;1.0389598779126068;0.8910649132421065;1.0705609651869252;0.9750158316473783;0.9910031904598112;0.8531603563320361;0.8835516171101917;0.8717320904887618;1.2852321615308806;0.969649452254433;1.0396768791261524;0.8026908919870768;0.9154506924354741;0.8756030819057937;1.246428110077389;0.943694438980776;1.0261601942760064;0.8759614792151691;0.8234673803151598;0.7735538876891154;0.980404041318744;0.8534128841151574;1.2208398232956679;0.9442965512688097;0.9942446257830884;0.8120509458614993;1.068226770687055;1.010718458014821;1.0405367874529112;1.227151594718619;1.244252938147769;0.98475967459207;0.9469607585316417;0.7735234117936577;0.9546133784980434;0.8599239779872281;0.8721386847941487;0.9855654741608421;0.8668658026589467;1.0405175046895883;1.0790345776588521;
CH_AQU_50991976;0.0;0.3370054443475052;0.3072382702780931;0.13995534185738906;0.19461430743082775;0.3621367622046764;0.3974082913956657;0.19117775357899217;0.12588326241996012;0.18776104570666208;0.3344482436509533;0.3411961325695936;0.3226750349523181;0.22975371914506804;0.3765868055811783;0.32746521025721614;0.3694563660386384;0.19690730069058138;0.3288371845395874;0.1327251729422036;0.4007558289656355;0.3598619419803159;0.32168462509548584;0.3616849550951264;0.3272973540288567;0.12584795318911318;0.19515264884917274;0.2071896771348477;0.23022604225099788;0.3703556041654338;0.1366629574687533;0.3218839343333108;0.13909699895573158;0.3180415658093823;0.1729310102358835;0.383584321992125;0.12761990216087044;0.13729252848003803;0.31591465155408704;0.3358190161187617;0.19196124267395526;0.32954678982945634;0.3829557129081173;0.17859359179353443;0.29367194686044984;0.1387540988628933;0.14312142093736105;0.3466174499806635;0.3616275677844075;0.2182164008291017;0.353419709609694;0.33409431693858993;0.13461172259725812;0.32832682960682746;0.3264381779890396;0.335232454885699;0.18577228411705576;0.2928005388989347;0.13672309315820722;0.31753406795284705;0.17629328695614913;0.30107835862441473;0.31877342209325904;0.15201502169270736;0.3014836183446743;0.13899379928064023;0.33667150342052227;0.32842285032944996;0.11748548028928169;0.32708136910961955;0.3535565450869194;0.3216880786306453;0.12531340532068155;0.32557897329964924;0.13268639466062082;0.3242934845380668;0.1682604377552801;0.19073279281502417;0.3057190167115737;0.13672329209663528;0.12998594339527314;0.3344688569905186;0.12402950547735478;0.34157107427743805;0.3536165277976546;0.30620655341724884;0.29761160280821036;0.1383945676140117;0.31892445241385653;0.2877300891194249;0.16289319350436446;0.1511528012045323;
CH_AQU_50991942;0.0;0.12550574956408742;0.30866144437032245;0.29694910994724616;0.1360409312921469;0.14668462084763217;0.354600109706102;0.17579909981829128;0.14232740696054022;0.34543725952053095;0.3411381420188512;0.35805791401971926;0.14618886776864543;0.34675250982734457;0.19437358836114318;0.19157856766434406;0.3347064149641912;0.33784638467535305;0.339937627758322;0.3158326997861921;0.20646027371967368;0.22453422828612174;0.33068544334173633;0.35231542497958795;0.3370005359502586;0.3526817731262373;0.13380250156312884;0.1790469858295195;0.16072055024077123;0.14377301008730609;0.1283445901394985;0.2907564943784041;0.2928890398098217;0.29356531094481003;0.18520138286910506;0.33785168069206867;0.3220469752629436;0.17729588148897893;0.3237568179294171;0.1799174533846928;0.29768165982641215;0.3537109770094576;0.39168392400341057;0.17281484059894409;0.3145199727972485;0.29949262801753945;0.3331715866763073;0.33259589290334624;0.15906978037511577;0.3374657532814842;0.1408995807326264;0.17517132498099192;0.34905743187076615;0.32300344400367204;0.3359626615264063;0.34159108124034027;0.3616275255936335;0.3261154542025104;0.1292405964972243;0.12496007768467332;0.1383823362383578;0.17477988654199828;0.3466617396653207;0.3162032464085717;0.34435815340996806;0.18473527736557435;0.3054137951854024;0.13265546120403784;0.1374423956784157;0.37012245132233546;0.33008376471255235;0.3439060831630065;0.16609918996454176;0.12966353255266155;0.29175617162453343;0.3036158237448289;0.3313531536840491;0.33728715810026927;0.16413625700426204;0.17089923467404272;0.1294076031104561;0.2886374361688791;0.12386837147230392;0.3122397526146167;0.1634688434208117;0.3343162470243355;0.3072029741238871;0.31040195311220287;0.28306193855187295;0.3177103566785061;0.19941462805483398;0.19816677887965337;
CH_AQU_50991974;0.0;0.17842434006454563;0.31751195807152155;0.3103991771817634;0.34848203680296785;0.1922275697907082;0.21734931114642575;0.3370357414109868;0.17700247141125533;0.3426544208545165;0.3442615008181608;0.31691191171568345;0.12784593647110598;0.3944244684476219;0.2208864032939515;0.3640527201640049;0.3660677788136598;0.1413466294777119;0.18586503128783405;0.1845913327887651;0.4074798817568535;0.3773566265537913;0.3352495294619595;0.34210764212324773;0.1390727250715134;0.1380069371363128;0.34605997047599374;0.34946439670679796;0.2020586231653419;0.29850408035950254;0.12289797960788972;0.3255600834775568;0.12220865999994503;0.1402539156351299;0.204285587717429;0.3598366841815569;0.34284920196439395;0.30055330463995694;0.17078258580032873;0.32366036515684105;0.3259413059998189;0.22000776356047647;0.33579143300440545;0.3098644248390281;0.16919885674055324;0.18668114465547345;0.1755482422489269;0.14320177314074364;0.16260186717529915;0.181878998933259;0.13503645052588667;0.18977443492356796;0.2948706202276605;0.3224078294083135;0.33267485224014137;0.16847041766323942;0.3548910536430255;0.2967149501608656;0.14375347287842627;0.14348312172926422;0.3402930467049534;0.12634159146769908;0.31764980476596444;0.3683162184168393;0.3168621503123688;0.12666307862120313;0.16804797498360183;0.32128836921522774;0.3406517331116614;0.19587618249994365;0.3362614744264878;0.31056140517009206;0.30922313058585793;0.3115370273575343;0.13213511195511252;0.28916903627723367;0.32598297365532436;0.2036374775011131;0.2834869005239218;0.28049832319754997;0.3039807815531628;0.181165626887732;0.1689447024909654;0.3612189553457559;0.34762623367359335;0.3416518841212304;0.13611766159995642;0.2915665419532672;0.3325545968636678;0.17213465798317185;0.21018928899374806;0.3544835476144405;
CH_AQU_47858028;0.0;0.12738028459984946;0.3593791686200598;0.34008816270892844;0.17869206310164745;0.17925492867384593;0.1713884108360248;0.3989284498055066;0.14214630422327423;0.3560023097644809;0.3509909010556235;0.1838441771776474;0.3330734850901258;0.17482432245703944;0.2000057234805574;0.32159558464067345;0.36439237877279373;0.3432545225590392;0.35922687560532923;0.3457194497918108;0.3675101093364956;0.3485428824631249;0.36657398510742156;0.18564228401934804;0.3355332631624883;0.1299705968176271;0.18383201415630324;0.19017036437680834;0.3978852671781348;0.36828824175574815;0.3111357480241235;0.18525709288588388;0.30423788738929525;0.18816997567933608;0.21266380366373125;0.37370985127556205;0.1845568012218239;0.3294167470459465;0.32625054666246694;0.12561518590763146;0.17092635363370004;0.3265663499428432;0.36091479141249017;0.31119150785382843;0.140712716359627;0.1319762584134561;0.32350442626832404;0.3283464984531216;0.155619036783562;0.17927628158731584;0.3007237726907885;0.3416561992996324;0.3318523154108705;0.2883206492741607;0.1257923508095053;0.32362524785719937;0.19879225611060197;0.34697521068747905;0.1311798631021353;0.29145942513469303;0.31305328183475417;0.3128315760936533;0.15575142922562374;0.31914788603803385;0.32035159982412537;0.16371168713364162;0.1284565106664166;0.2892920771237874;0.18327092895788985;0.33388015787233327;0.14805702340178237;0.3405905473954864;0.3085079644961201;0.30397284016688225;0.13771604256610792;0.3291731876888086;0.3706552293487109;0.18257808584415158;0.17623813515561282;0.12094421383196147;0.28803148775346393;0.17745568295926462;0.31488027685020253;0.3296840989370765;0.3570050912463;0.32145452561109766;0.12849883301410975;0.12802203445241236;0.11959218146800689;0.335122235166101;0.31597046977340115;0.1672082086619833;
CH_AQU_50991971;0.0;0.32406958421220167;0.3250341361889008;0.35483846545734926;0.3460222628058132;0.14315955172694655;0.22479392032053142;0.336015713499609;0.3341491962884844;0.31538992693130663;0.30539087636634565;0.3286683011956346;0.1768546202893603;0.3680584167098792;0.22052634550790562;0.12758996104341186;0.3289771893831398;0.35621089554529567;0.13989965985565683;0.14328265625433845;0.20038329405011274;0.1953005665933224;0.19778159059718178;0.1832685060554578;0.30480211595741635;0.13535390957659532;0.3638604069284862;0.39776875272492057;0.1649352457390281;0.3688064471979246;0.13045024299351082;0.32226926186699983;0.3159580763084893;0.3112872167830489;0.3249788133950485;0.3492599282298607;0.33172581727910705;0.32573363193543325;0.3336895679548801;0.1871615861573775;0.31096736756526305;0.33459407594439255;0.3336960331770447;0.32115725071178547;0.31151771804076817;0.13594045279128786;0.2920796187162549;0.2941720356373753;0.3404404609825086;0.36855536114768267;0.29768623167542735;0.17578851841680807;0.13530558667825937;0.33408583918205054;0.35570912282469047;0.3929790942411295;0.3736481138364102;0.1311028173078831;0.3170503552692847;0.3312413388100184;0.3179353544558545;0.11808752172878051;0.35589079630437803;0.3598476659544713;0.12132306643314067;0.3141797142241683;0.12047496855644807;0.13354468049970925;0.12348900775928566;0.33824175190180594;0.32384750407974633;0.12835544597100476;0.18421997688366942;0.3096519500585834;0.13510476520990297;0.31751307456331174;0.35838932156182307;0.1923483237099042;0.1299102879438754;0.12879193780369141;0.30611464355233065;0.33919858751124593;0.12960402929095854;0.20534634100364466;0.16102082979054327;0.3184388771310718;0.13589419247101234;0.1331068901554149;0.13000090275767193;0.1774362912139265;0.18932988154151426;0.1700991836857284;
CH_AQU_50992028;0.0;0.558006086684124;0.5527370127576162;0.6044681994952552;0.5461342374309779;0.557325847621272;0.4968369045993176;0.4273525463312472;0.430149197997156;0.6205688948727399;0.6228822641515867;0.43752239800680903;0.5646044836672559;0.48747122159201706;0.5037560416579624;0.44022987823219917;0.44236791914912793;0.6095795480377164;0.5648366968695057;0.4398815252342205;0.42333238715337895;0.5142258564155868;0.4503137723635808;0.6957992620490611;0.551667082772363;0.6056049636280699;0.5441210102546878;0.5708269610074046;0.4885784909233537;0.5652549445642795;0.4357087534648332;0.6743279425089265;0.6862016297993904;0.4359543332531799;0.4684503647678448;0.41611662287107104;0.5411216353126539;0.5295188451025232;0.5292441626232326;0.6772287862220596;0.5982595265148349;0.41361598853860587;0.4784427134565181;0.4280687175394014;0.5850218184336684;0.5239615306656147;0.5989041825462136;0.5469749092111694;0.47127460684381867;0.4950645661458271;0.5262243718150581;0.5336034675973677;0.524476555033879;0.5310416616214573;0.541712791499674;0.47625937906081767;0.4084321723667121;0.5403194402678324;0.41411131072877766;0.5310821598845158;0.5497407649586946;0.5770461070603774;0.4026326196894528;0.3997290313688202;0.3986187966210455;0.5595656626278686;0.5663573027754333;0.40259804667545346;0.5791086482723357;0.39571155651774953;0.4744904374332051;0.41598254189287;0.40154976520676855;0.422714793708937;0.5272271869527972;0.6486561734763413;0.4673944705589916;0.45538184074065896;0.51981170013107;0.416511070672004;0.6510783797653856;0.654547263582849;0.5242209611768472;0.3979953958251017;0.45391777752998086;0.5712685560396176;0.41448269765428974;0.5166388868026153;0.41584347947061184;0.5624303460826814;0.47447637886096045;0.45438300119186825;
CH_AQU_50991849;0.0;0.21397159037004876;0.0014623610400803138;0.36971016156433023;0.0625706218415676;0.3200985700507885;0.2752201987221827;0.008498236542314045;0.20570510586170365;0.20869886418746397;0.32449153725515856;0.33464971790675724;0.28270034798849475;0.011550479223191454;0.027482701974966668;0.26457502253441856;0.2775203989818216;0.3253392497760019;0.3573333830336279;0.2302046397304055;0.2699049990387071;0.3595111564398591;0.28554683666824476;0.27004918938851535;0.03267995207220946;0.3093133195804835;0.34989274238954304;0.29358453154193903;0.018493480151048677;0.0698263274243666;0.047430594722890254;0.34405253382985246;0.2689765984794778;0.0426261785137534;0.25774601937763947;0.10664479087510181;0.34653690711124535;0.2797549640316835;0.2731189693031053;0.3404124903172901;0.3319338761146311;0.26418993798833723;0.05472113746344733;0.293345529703431;0.3473327837981512;0.31348995951763736;0.35938746516164743;0.31040657179452613;0.05642933054787637;0.1305460101476893;0.33764552659803876;0.3268004444260971;0.050438164965143924;0.19042834030684708;0.012404271018812462;0.028740256407885693;0.26499246428798606;0.04936759773782898;0.1873260139633926;0.27918452456084997;0.27618313686495566;0.196777166034297;0.2956609163146584;0.3032068881204693;0.05063982137763197;0.23871261778120453;0.0611862023031012;0.23227773389603965;0.29216134853636905;0.026547375367514288;0.30390026338939835;0.34077156035600153;0.3049673193960707;0.2595646764034824;0.25409594768673127;0.34601022325743286;0.0464636193082057;0.23949438853074448;0.07134462121470501;0.044899039743989996;0.1959911879773643;0.30734003346172717;0.25850045672802907;0.06618407413662897;0.00830363743808981;0.2222426619854506;0.20842509317945765;0.2670688010580913;0.060935022694085135;0.011202638393492738;0.2637582808326767;0.2578680585178201;
CH_AQU_50991816;0.0;0.9050554483228255;0.9044162053009571;0.9383773197643154;1.1123272702286575;1.2988686414874924;0.9903665683588727;0.515015362714801;1.3011362151277317;1.0557093134841407;1.0959659306116616;1.3202468031891528;1.3039124602805905;1.1420509008083901;0.826206421995993;1.02864722073349;1.0709485427196093;1.0471004447889027;0.9195568861179308;1.3054768233390073;0.5227450151787141;0.7226356853886138;0.921910583619562;1.3104487279066608;1.3049606460709697;1.323524936744258;1.0293979198598129;1.1480805156866416;0.7153351641279935;0.9130348648858289;1.0101790184156123;0.962487464132335;0.8774371079190363;1.0741502747829252;0.8172401068397767;0.533026688575788;1.0720094863926959;1.0704354550995463;1.282210381800693;1.033652141186613;0.9986867679297348;0.8497013279943606;0.5371910944251552;1.0313591523527594;0.9812894082207506;0.9763489768402278;1.28042774087345;1.2618470974842113;0.9767360306616534;0.7987874717826587;1.0334977462749753;1.0465694304907582;0.9977830653817392;0.8716001861674695;0.8809679462340317;0.483223693710775;0.8595205213713636;0.8827525343703181;1.0450456402432904;0.9099604543522047;0.9028578105264247;0.8620840628445708;1.0374639107991201;0.9164326379853976;0.9967913079503473;0.9544414707850442;1.002938080636321;0.9824704574013777;0.9477039941205762;1.0650848296348518;0.7940472134603332;0.9659170626539586;1.2296028260266834;1.0402812934820371;0.8655838113218065;0.9231145847526171;0.9482879489343808;1.0510188098753463;0.8556597654242651;1.2496063091067995;1.2398169998996835;0.9578825905143049;0.8521616255335565;0.6798577785256344;0.7968041731766272;1.0436487209597545;1.01392306050074;0.8407127533541755;0.8672686884421859;1.0382715078569145;1.0513203598016516;0.8292733795882196;
CH_AQU_50992025;0.0;0.23147694840992344;0.31295053793625177;0.3042117581067111;0.3299133217936171;0.05897797695759371;0.2736364430141376;0.27633281573583535;0.07576614586131358;0.06462894592090268;0.37621658401435853;0.051062678035878675;0.3672094801840917;0.3104117782918208;0.01756637817338097;0.31486435488455006;0.30413915888732623;0.3597637166139528;0.33011881110574465;0.059273926715886195;0.05689276011691088;0.3111354804938341;0.28041491908965666;0.2795107159314466;0.30804242165706464;0.29113810022015674;0.2861228369429679;0.3554711369418482;0.3475556425231916;0.3235517358927045;0.35476793323406963;0.2860631670771929;0.2344636646859702;0.06658070258834578;0.13252749037350317;0.34008839917104533;0.26186644922730967;0.30449306971977835;0.05490675730711274;0.2567670125906722;0.30093019253204534;0.3057616005793805;0.0013941062117219293;0.21001106018976784;0.07207689444771972;0.35439865922257124;0.26533309569869296;0.2967699459848034;0.01584190556809429;0.3313433265356164;0.006551605623177761;0.019060637598316433;0.2229059367030986;0.31831768650427994;0.36588445602262676;0.11200564185557971;0.11439313240974798;0.33531776623490706;0.1988147692825517;0.25492967261703076;0.20832780375142587;0.03424852113109295;0.04217077355934936;0.006772732884702569;0.26150099640391383;0.28652563167475525;0.05827954243851029;0.35078730743094555;0.032220072636953416;0.002386287926122753;0.25783320440986474;0.22041077878317952;0.2550456968788756;0.03937389703744062;0.2995215510462284;0.33179444352891396;0.010465983574149091;0.26135756236529634;0.309729252475646;0.28680710711060736;0.2361398957904771;0.29300815433770977;0.3258819622420111;0.2840101427886775;0.03171850439179518;0.3026817162226669;0.29167801368735796;0.06072725185666324;0.2991181077859691;0.2947941095221955;0.3213618292929569;0.3183568531410724;
CH_AQU_47858054;0.0;0.30867384807900067;0.2807675309497484;0.34635955863910617;0.21626661361878774;0.3380729451580219;0.11976444424454803;0.014940976850105082;0.3657689107933382;0.28633544276674905;0.2698062023585198;0.3415464007026421;0.20245410087130988;0.27866025100525327;0.31246830688223093;0.27303568199497724;0.27208587655446564;0.3194823905979234;0.2648707858264148;0.3457044513016844;0.01551574805421295;0.019295944144570018;0.38402623497394905;0.3805162554738049;0.05484351829835798;0.23257825744392274;0.35545442270049454;0.2580898415737307;0.31267625916418984;0.3019039888376165;0.32836604504855993;0.27763201312312646;0.03921028540445449;0.25804110557826687;0.11494753495598921;0.06192504792974084;0.3126152266860013;0.3451976867319154;0.3381899687975499;0.037872582567806394;0.3128012435170395;0.017022645909788553;0.2695550803389062;0.2689544549707114;0.28683764928287697;0.33530393779414014;0.33569515717676934;0.024318069892245716;0.04444688804343319;0.021205375492429936;0.33531523666491375;0.2906918145705476;0.24081814660542644;0.3167894447745592;0.32770432881414935;0.02991914444864034;0.33967899126631207;0.31139909014958;0.35462314779687176;0.24052255749273546;0.2617480838788377;0.3402858337140766;0.10741260063626688;0.11508996948445649;0.2890898134357863;0.2738721722995796;0.20377791928395636;0.05819704506928668;0.32338557326065454;0.2876539411275256;0.0031746130055913496;0.046973140665316035;0.3521951196756323;0.31804018146192137;0.3059276796244589;0.20596128666773972;0.2619315131472877;0.2871839144241394;0.06957059504343437;0.30853863638378165;0.31607521352011564;0.2224804884256244;0.05499169660732809;0.007571964673311454;0.3178979900247972;0.30615561361942223;0.29524717894137303;0.021466281359917926;0.275105882038733;0.2758938068878408;0.24989347308013046;0.3074512007669427;
CH_AQU_50992055;0.0;0.5060976719654201;0.5723062231086057;0.5011424311547288;0.5044249564193558;0.7046722259514939;0.8035749737231762;0.6364614761078187;0.581316441111162;0.5836743918586915;0.6895216752512351;0.5073900039888295;0.6978000642448183;0.6352502059369745;0.5948061260220596;0.5527471128381999;0.6834600472946989;0.6955191315986688;0.5381973171145651;0.539038423714641;0.5780566169949467;0.5951276518292383;0.5658142975785933;0.5042065159117757;0.5759846654851142;0.6844912695071232;0.5513559600568665;0.695560805349563;0.6136561009740635;0.5437467378410158;0.5546568774537076;0.6659423872932575;0.5242014536698169;0.6642084065544193;0.4624057043942632;0.7813405946091335;0.465190789262615;0.6801354217247428;0.4783161135271376;0.4889539609475818;0.46584029957421114;0.7618282316451204;0.46492234141911826;0.5863462282901245;0.48207642824127556;0.6814217732758332;0.660095132743884;0.6759749981184744;0.6135211740978381;0.7560742516078925;0.5446030716995361;0.5646714124926931;0.6595669780574646;0.6746457317842129;0.6800116307548176;0.7772352447343156;0.4711290859832134;0.4701849147303559;0.5622388037557984;0.6797514673809465;0.5589779249953504;0.44912873028375705;0.6419168902487962;0.5861634630936237;0.5023745605490257;0.5617722759595657;0.6509993000787457;0.5156341277421603;0.5520204115148227;0.5906757628117858;0.696431722607533;0.5486124139638683;0.5024505782892565;0.6518274625469305;0.6368266133791283;0.5183025180305192;0.7533365060629776;0.5409881567757917;0.6578269145559716;0.5161582896217435;0.4459485452215192;0.5479352771040219;0.6546339588860508;0.5619056107563829;0.6988732008035486;0.6393659924332505;0.6424346435649307;0.5490878612486538;0.651932925705723;0.6534774795956025;0.5783372211640745;0.7196918759748372;
CH_AQU_50991844;0.0;0.6210550281383774;0.44150473747057883;0.5646147454476538;0.5439894037732144;0.6189992541134968;0.49746590171111793;0.5640833104142069;0.6958821018436028;0.44690412301804755;0.43840799421219867;0.5680131852462277;0.43575501388403076;0.4957097894509218;0.49291683726179963;0.5440576540285462;0.42803192180162897;0.44119730234335786;0.545088416773814;0.4299804857282749;0.49040600754546726;0.49625851390766995;0.5612548744312655;0.7100465938964005;0.6054354393057404;0.42789497861280357;0.5685106300265845;0.4997177568636609;0.42154478143552154;0.6847097441234878;0.42660169165209816;0.5387502880932256;0.5432282404676224;0.4259809029190317;0.4149008249165776;0.46733009148675453;0.5402489648521007;0.6877380728455667;0.4199368444704068;0.5262943205553929;0.5365583111570068;0.41620047087977163;0.47404620544983483;0.5474183714361912;0.5416132145722365;0.5297318318226869;0.528362548100291;0.5378605059142635;0.40726720887322176;0.5494325352669349;0.5809807740892289;0.6024480185444203;0.41415851542331644;0.543497538562289;0.5246795310715991;0.4048634083566055;0.40715809449110907;0.543929523393981;0.6861974793947649;0.5264398459385404;0.42710916402944427;0.4168317059444196;0.4573271524944687;0.39650851720888947;0.5183747376186952;0.5137285042248028;0.529385879090394;0.5096137575088261;0.40142152614535076;0.4016448331164831;0.45773681516048764;0.6559737984131659;0.6538058163458212;0.5078949790906374;0.5135537363966038;0.3999799425285057;0.4760058837906758;0.4013561918091578;0.6615890710067258;0.41598123054589126;0.40393512469372245;0.5776479854278228;0.5266976343966142;0.47988149319737605;0.47505276743564856;0.4044887364651917;0.6528315604894961;0.513754206593911;0.6628044953367216;0.6443766952538396;0.47698445618753543;0.39398291472218594;
CH_AQU_50992022;0.0;2.7631271224952574;2.8157868286913557;2.747613855625138;1.9549038866879331;2.013518719270886;2.5950174464984963;1.7303193119378102;2.017605032347136;2.0056245789630713;1.9563450946522796;1.9658793746516101;1.9787957487969114;2.6038854441939794;2.590544296700197;2.7381693683284434;2.8257173321839577;2.0020614795676845;1.9845333163673302;2.7422979544616406;2.6013012456356375;2.652723428800554;2.8012757593632434;2.7568816011749684;1.9821761310931418;2.7762647999824037;2.024613620434731;2.658257914563342;1.7637075103355309;1.977681481993294;1.9373778166743871;2.668116691363532;2.650476643278107;2.677790366841759;1.704690888707407;2.5615752992477194;1.8878527699175662;1.9539879868241108;2.6875445334290475;1.9490225220462118;1.8904135064430287;1.686830196186747;2.4967827312067277;2.671690744053225;1.9040148257423901;2.7286056070892224;1.9427035227661151;2.705985659962177;1.7103365941051465;2.5144108161547827;1.9351697596781567;1.951539780093869;1.9293958652687264;2.6991082151455013;2.6873399337680226;2.532722326553377;1.6468792868058224;2.7084989911357638;2.727993480699448;2.713446683511967;2.6584326992410783;2.5870100402167546;1.5850684426095127;2.448712574416889;2.5673920763915747;2.5939926124817654;1.8333115535190547;1.8858030834674693;2.5691368741950513;2.4915066388645206;2.401121363723834;2.5692386001492444;1.840661207485201;1.8139978409653743;2.5945135748404002;1.8632615255171643;1.609000467806366;2.4615154902794;1.8526590168690178;2.5857229286233;1.8614710505724326;1.8787809805479858;1.8132848700226365;2.4418222610805147;1.641006537432206;2.6059339436741396;1.855071608934859;2.5858977173656306;2.618872829397184;1.8324947678360854;1.6226880670402197;2.4901964133661165;
CH_AQU_50992021;0.0;0.2449771064247134;0.037598424779390474;0.030292802924241292;0.29192407818863286;0.33875836122487224;0.26593625835720525;0.030361546671313487;0.22947195223085387;0.307310754096761;0.35138820467460447;0.0759204555588322;0.006302233554998758;0.3566758715665168;0.04357234202822119;0.36805941567480016;0.06188177299880614;0.33852746508238407;0.3479553019058859;0.257893439111478;0.006239229539956094;0.14389071001697162;0.34953896705937787;0.29500394068627556;0.3101994103815282;0.27202125341744493;0.24881294440346147;0.04302443042363546;0.2670837545525093;0.206621678672323;0.30298769035397793;0.3165075687355859;0.3647200627928884;0.002668550574273446;0.2616032244516688;0.022071329967285752;0.28034477378659317;0.20249733327215472;0.279302882102278;0.05892895315771736;0.029592070539636507;0.30853993455729634;0.2917478144261009;0.34016246518693527;0.3212571230407729;0.04046387242029722;0.35915915929261993;0.015108409143304132;0.1283860588553818;0.1316679895076962;0.3634532694181628;0.2711266091843234;0.27495180662749996;0.0440062786073124;0.303390108261386;0.0043530487211442944;0.12582570674811175;0.3566124370468082;0.18864512345813217;0.032562937968581424;0.3185881930507869;0.024170083816246822;0.009129676408744007;0.2424579989457106;0.058716776386582965;0.29382170264645896;0.32649921658079606;0.34919784664379067;0.35129423607540194;0.027519473639428235;0.27009730772788004;0.2898263112868048;0.024981798809622018;0.21754148604182735;0.2336602847683419;0.3506442220323563;0.3390309047499276;0.3110993029417629;0.20007749007690426;0.30440274528787187;0.26978561322698863;0.2654534674717834;4.436456225238724E-4;0.02662715015508051;0.28872871135930256;0.05475223891618868;0.3445729245095062;0.18563707543710262;0.06578204452434361;0.20833705361065297;0.26813878636680144;0.0193856588958072;
CH_AQU_51080360;0.0;0.6952573787610606;0.5597200873065231;0.6885182934926597;0.5347537076316119;0.694661382971449;0.5828531227935976;0.7893626423605501;0.4812477421771754;0.4680077314345678;0.4826726303990777;0.545446673647096;0.5955791873913119;0.798942951659299;0.7010844915182022;0.5542000780635644;0.47426172487556406;0.6983904914139993;0.4807118489268474;0.49084566429975285;0.8089678654431444;0.6436110209343059;0.7016786957326172;0.5368481673970554;0.490227915535553;0.5449717506690093;0.5708489852357688;0.8105566683824823;0.6363269419268411;0.5516107924509476;0.5834175076945434;0.47121047093085316;0.6768434478162725;0.5359228445707563;0.5920264759633758;0.7600498566556861;0.47003309527743653;0.5310758631508463;0.6591086896295869;0.5870507716040707;0.6732265776166599;0.5976419848418403;0.6125791310423806;0.45716124817028153;0.5311447887429718;0.45015518960374784;0.47520887482338975;0.47024228108099403;0.6071971231544376;0.7831944938639516;0.537003897447183;0.680371234665912;0.5310902561781824;0.6812240813534287;0.44881328033546986;0.622441037247804;0.573133141244202;0.5523225997521474;0.5509717651420537;0.5446064839941623;0.5616190337011638;0.6361464405920948;0.7073870488388603;0.7282300692763963;0.5573886352643295;0.5128178034384401;0.5523367009259372;0.4508620287279852;0.4449416906873052;0.5673673955241495;0.7021105288075098;0.5169240901485004;0.4406384263635208;0.4653937427039135;0.6362834546206696;0.5026364882198092;0.5709688728147657;0.7495977684977495;0.5536389411902475;0.43774519645647375;0.5629457955688704;0.639982956737607;0.6502167498341106;0.5720165264562342;0.7273004237303589;0.44632749567577634;0.6508205868881063;0.5341193035600952;0.5121193449309359;0.64781240148617;0.5702332704090479;0.7206471686196658;
CH_AQU_50991969;0.0;0.2960320967588666;0.34591110128152047;0.04809916906122168;0.368513575010163;0.36299113907455954;0.016030606752284366;0.11539136205706874;0.3781881903375143;0.355338895534162;0.27614865066259264;0.284151430893246;0.28921266029993065;0.01500624878044627;0.2610783641749297;0.27522441179680757;0.3282988476626332;0.29725270730727416;0.2927696283600144;0.29007443848455594;0.3036548875816525;0.2662921533490842;0.2667185360961445;0.28723432497821483;0.2956329144601919;0.009135556492850874;0.010676227608190552;0.3401017383657691;0.2834012416092317;0.3729704093692884;0.32581233779396473;0.2868964772156051;0.2710262227423317;0.03111615302274677;0.303202014574772;0.2529692865872756;0.0424738002058388;0.2846340677497389;0.3675660837399499;0.3430487051449646;0.3145814899468952;0.13367822348967942;0.2696461984504372;0.31708397792815546;0.30934759384210797;0.3126180463185924;0.028289434671493443;0.24305917760026674;0.02679395895264254;0.3106234032226361;0.2587353541275905;0.30580401832515536;0.05769417717144423;0.28053986779417406;0.29391854905183246;0.007657033978893804;0.2813144764177439;0.039260514413720804;0.26364204572346855;0.07146111930871189;0.24644265555556433;0.26519125887843753;0.2923686065822638;0.25639414359971957;0.2834150149010395;0.2707163179862033;0.26507230078915317;0.011709669731254547;0.35305709419068837;0.046833834042259645;0.007892670990492118;0.3334973747816958;0.31834871307192014;0.028518489907829042;0.3200240863408245;0.3002671599339206;0.2749420084162169;0.13060736417847787;0.3276896372005043;0.2843070063118911;0.3174447658539945;0.18074985278342712;0.34659333026459416;0.06703231530178425;0.019983402562865023;0.3140846843845109;0.27160961604954537;0.2950700979467834;0.3001599970177462;0.287570210403264;0.018657055867518726;0.12876495126256166;
CH_AQU_50991936;0.0;1.050200296471987;0.9440690998117225;1.310590843294567;0.9330880743994011;1.0247683023619185;0.9982240825640489;0.8637501700590795;0.9097135550755822;0.9166050710126445;0.9238059360279278;0.9285436159101697;1.0606882629289212;1.1473749417668933;0.7104027687028434;1.1100684841604553;1.0678737907760927;1.3225195898939266;1.1172668318992933;0.9315536533463931;0.8550385640625561;1.0092707593901058;0.9073486889334192;1.044790419065021;1.07093122020906;0.927515635198422;0.9421143888879913;0.8321826664036036;0.710367199198583;1.3088136718955379;1.0380070313263279;0.8715957099135031;0.8996281764359971;1.2799196945454405;0.5141637719293914;0.9888304620421994;0.909669577129292;1.2809850700378334;1.0665217531239837;1.0378141979089814;1.2541102429698705;0.8092261789088653;1.11778620668988;0.9048728018514368;0.9921906642920101;1.0094452497451165;0.9073566510946048;1.075474744111276;0.8034171723142719;0.5365187254215981;0.8935297184203441;1.2903314509274302;0.8900054485249701;0.9569614021268456;0.8727866767738909;0.5018908779946348;1.076641617958668;0.8741427302187493;1.2617538602169711;0.9628935241327129;1.0286220806368143;1.003999270254461;0.7733915298737953;0.8992402330561382;1.0241240219508185;0.9419449864625166;1.0221236186237668;0.9705652959630242;1.0103676733758018;0.5016722109080122;1.0589933920520906;0.8628588819436871;0.9486884468138778;0.8669028080480802;0.967216255385343;1.0130770305954873;0.7813336115562014;0.5200609395811139;0.8740646092210185;1.0293491080601;0.8613347950000377;0.8688122151469402;1.2432423394697665;0.7969164347659816;0.8203828576003187;0.9810317387886487;0.9930372978285205;0.8643831149393627;0.8647603990427946;0.9917275883442261;0.8057195693233518;0.8070161114444567;
